{"0": 3.4059173589986353, "1": 2.136996833755682, "2": 2.6888670840952438, "3": 2.4146649582804516, "4": 2.6743053512270913, "5": 2.8692347813963455, "6": 2.936106352309597, "7": 3.099384802778888, "8": 3.085979927315379, "9": 3.10701191016094}